trial_id,selected_model,l2,val_accuracy,best_epoch
18,model_2,0.0003,0.8782051205635071,14
00,model_0,0.0,0.87678062915802,15
07,model_1,0.0,0.8760683536529541,15
08,model_1,1e-06,0.8739316463470459,14
04,model_0,0.0003,0.87321937084198,12
10,model_1,0.0001,0.8725070953369141,11
01,model_0,1e-06,0.8717948794364929,14
12,model_1,0.001,0.8717948794364929,9
03,model_0,0.0001,0.8717948794364929,15
09,model_1,1e-05,0.871082603931427,5
05,model_0,0.001,0.8703703880310059,15
15,model_2,1e-06,0.867521345615387,15
02,model_0,1e-05,0.867521345615387,11
11,model_1,0.0003,0.8660968542098999,4
14,model_2,0.0,0.8589743375778198,7
17,model_2,0.0001,0.8490028381347656,15
16,model_2,1e-05,0.8411681056022644,5
19,model_2,0.001,0.8347578644752502,4
13,model_1,0.01,0.8326210975646973,4
06,model_0,0.01,0.8304843306541443,1
20,model_2,0.01,0.8005697727203369,14
